name	term	lev	seq	value
"mitochondrion"	GO:0005739	2	SPU_002310	2.41504621930054
"mitochondrion"	GO:0005739	2	SPU_005227	-0.701800304425266
"mitochondrion"	GO:0005739	2	SPU_008554	1.65737287621908
"mitochondrion"	GO:0005739	2	SPU_012732	1.26969811194721
"mitochondrion"	GO:0005739	2	SPU_018021	0.0566132787148582
"mitochondrion"	GO:0005739	2	SPU_026314	1.99119990984168
"transport vesicle"	GO:0008021;GO:0070382;GO:0030133;GO:0099503	3	SPU_002292	1.25748540999653
"transport vesicle"	GO:0008021;GO:0070382;GO:0030133;GO:0099503	3	SPU_005854	-10.8310983140711
"transport vesicle"	GO:0008021;GO:0070382;GO:0030133;GO:0099503	3	SPU_010151	7.2958226977156
"transport vesicle"	GO:0008021;GO:0070382;GO:0030133;GO:0099503	3	SPU_012856	-0.0974932736303764
"transport vesicle"	GO:0008021;GO:0070382;GO:0030133;GO:0099503	3	SPU_014316	5.5347389865904
"transport vesicle"	GO:0008021;GO:0070382;GO:0030133;GO:0099503	3	SPU_019995	0.490120368906115
"transport vesicle"	GO:0008021;GO:0070382;GO:0030133;GO:0099503	3	SPU_020199	-4.83650200869378
"transport vesicle"	GO:0008021;GO:0070382;GO:0030133;GO:0099503	3	SPU_023425	-1.6844866972555
"transport vesicle"	GO:0008021;GO:0070382;GO:0030133;GO:0099503	3	SPU_019930	-1.3293687024732
"microtubule organizing center"	GO:0005815	2	SPU_002498	-1.10777177222537
"microtubule organizing center"	GO:0005815	2	SPU_009979	1.42080656777252
"microtubule organizing center"	GO:0005815	2	SPU_010158	2.07727336790463
"microtubule organizing center"	GO:0005815	2	SPU_016509	1.88919565322627
"microtubule organizing center"	GO:0005815	2	SPU_021617	-0.63102098146712
"microtubule organizing center"	GO:0005815	2	SPU_024595	4.75109370395343
"microtubule organizing center"	GO:0005815	2	SPU_026892	-1.9926023806941
"transferase complex"	GO:1990234	3	SPU_001933	-0.0990254985982307
"transferase complex"	GO:1990234	3	SPU_009461	-11.4725522698075
"transferase complex"	GO:1990234	3	SPU_019031	23.224303542991
"transferase complex"	GO:1990234	3	SPU_022327	0.837537724173132
"transferase complex"	GO:1990234	3	SPU_024737	1.02613418982642
"transferase complex"	GO:1990234	3	SPU_024771	44.1477485662318
"cytoplasmic vesicle"	GO:0031410;GO:0097708;GO:0031982	3	SPU_002292	1.25748540999653
"cytoplasmic vesicle"	GO:0031410;GO:0097708;GO:0031982	3	SPU_004204	0.996145450400794
"cytoplasmic vesicle"	GO:0031410;GO:0097708;GO:0031982	3	SPU_005854	-10.8310983140711
"cytoplasmic vesicle"	GO:0031410;GO:0097708;GO:0031982	3	SPU_008689	-2.08629550763678
"cytoplasmic vesicle"	GO:0031410;GO:0097708;GO:0031982	3	SPU_010151	7.2958226977156
"cytoplasmic vesicle"	GO:0031410;GO:0097708;GO:0031982	3	SPU_012856	-0.0974932736303764
"cytoplasmic vesicle"	GO:0031410;GO:0097708;GO:0031982	3	SPU_014316	5.5347389865904
"cytoplasmic vesicle"	GO:0031410;GO:0097708;GO:0031982	3	SPU_019930	-1.3293687024732
"cytoplasmic vesicle"	GO:0031410;GO:0097708;GO:0031982	3	SPU_019995	0.490120368906115
"cytoplasmic vesicle"	GO:0031410;GO:0097708;GO:0031982	3	SPU_020199	-4.83650200869378
"cytoplasmic vesicle"	GO:0031410;GO:0097708;GO:0031982	3	SPU_023425	-1.6844866972555
"cytoplasm"	GO:0005737	2	SPU_001579	0.269995121368199
"cytoplasm"	GO:0005737	2	SPU_001765	0.182080725960826
"cytoplasm"	GO:0005737	2	SPU_001831	0.248593383686114
"cytoplasm"	GO:0005737	2	SPU_002153	-2.1116109133904
"cytoplasm"	GO:0005737	2	SPU_002443	-3.05277131082012
"cytoplasm"	GO:0005737	2	SPU_006773	-0.0819632399177127
"cytoplasm"	GO:0005737	2	SPU_007226	-0.00163444205499956
"cytoplasm"	GO:0005737	2	SPU_008449	-2.00721512585981
"cytoplasm"	GO:0005737	2	SPU_009248	3.906233327145
"cytoplasm"	GO:0005737	2	SPU_009716	-0.153662437544033
"cytoplasm"	GO:0005737	2	SPU_010272	0.113556901464591
"cytoplasm"	GO:0005737	2	SPU_010303	-0.983479796287549
"cytoplasm"	GO:0005737	2	SPU_010958	0.539891949140314
"cytoplasm"	GO:0005737	2	SPU_011721	-1.00229279482461
"cytoplasm"	GO:0005737	2	SPU_012359	-0.628227299749681
"cytoplasm"	GO:0005737	2	SPU_012885	-0.469682009611477
"cytoplasm"	GO:0005737	2	SPU_013380	-0.217872767036119
"cytoplasm"	GO:0005737	2	SPU_013398	3.66092158185722
"cytoplasm"	GO:0005737	2	SPU_015121	19.4663919215346
"cytoplasm"	GO:0005737	2	SPU_015418	-3.96096368215095
"cytoplasm"	GO:0005737	2	SPU_018240	0.17165426915811
"cytoplasm"	GO:0005737	2	SPU_018705	-7.14608250210666
"cytoplasm"	GO:0005737	2	SPU_019695	-0.0284501741348131
"cytoplasm"	GO:0005737	2	SPU_021007	-3.42640560267597
"cytoplasm"	GO:0005737	2	SPU_021449	-1.08606714571937
"cytoplasm"	GO:0005737	2	SPU_023963	-0.503733858434629
"cytoplasm"	GO:0005737	2	SPU_023965	2.09844707295381
"cytoplasm"	GO:0005737	2	SPU_024819	-0.28875400677911
"cytoplasm"	GO:0005737	2	SPU_025102	8.37437707840914
"cytoplasm"	GO:0005737	2	SPU_025826	0.0868561693083912
"cytoplasm"	GO:0005737	2	SPU_027644	0.567012957841345
"cytoplasm"	GO:0005737	2	SPU_028917	-1.81240634343572
"cytoplasm"	GO:0005737	2	SPU_028926	-3.90845801432695
"organelle membrane"	GO:0031090	3	SPU_001579	0.269995121368199
"organelle membrane"	GO:0031090	3	SPU_002179	1.0997684004291
"organelle membrane"	GO:0031090	3	SPU_002219	4.22087856678373
"organelle membrane"	GO:0031090	3	SPU_003047	-0.550959725747362
"organelle membrane"	GO:0031090	3	SPU_007142	0.525629963379753
"organelle membrane"	GO:0031090	3	SPU_008505	-7.29209680516513
"organelle membrane"	GO:0031090	3	SPU_008692	1.78076471779504
"organelle membrane"	GO:0031090	3	SPU_009014	0.038271214079123
"organelle membrane"	GO:0031090	3	SPU_009922	-0.219407575736529
"organelle membrane"	GO:0031090	3	SPU_010010	0.712541766327824
"organelle membrane"	GO:0031090	3	SPU_010761	-0.125558767189148
"organelle membrane"	GO:0031090	3	SPU_012397	3.86854855314495
"organelle membrane"	GO:0031090	3	SPU_013507	2.40904021836659
"organelle membrane"	GO:0031090	3	SPU_015506	1.61665200032012
"organelle membrane"	GO:0031090	3	SPU_015522	9.47238150663041
"organelle membrane"	GO:0031090	3	SPU_018130	-6.63685594777427
"organelle membrane"	GO:0031090	3	SPU_019118	3.55017725918052
"organelle membrane"	GO:0031090	3	SPU_019603	0.579123288953914
"organelle membrane"	GO:0031090	3	SPU_019744	0.0766146393535018
"organelle membrane"	GO:0031090	3	SPU_019782	-1.31169233518983
"organelle membrane"	GO:0031090	3	SPU_020788	-1.13771476574611
"organelle membrane"	GO:0031090	3	SPU_023853	0.610883748176053
"organelle membrane"	GO:0031090	3	SPU_024417	-0.696836263960336
"organelle membrane"	GO:0031090	3	SPU_025102	8.37437707840914
"organelle membrane"	GO:0031090	3	SPU_025513	-2.53496550229642
"organelle membrane"	GO:0031090	3	SPU_025858	0.129577700229364
"organelle membrane"	GO:0031090	3	SPU_026238	-0.629810817629518
"organelle membrane"	GO:0031090	3	SPU_028003	0.815110710619185
"extracellular region"	GO:0005576	2	SPU_000997	-0.186240411305865
"extracellular region"	GO:0005576	2	SPU_003134	-0.290516892913897
"extracellular region"	GO:0005576	2	SPU_005182	1.90090324067621
"extracellular region"	GO:0005576	2	SPU_005193	1.50487429100824
"extracellular region"	GO:0005576	2	SPU_010964	1.80723735323817
"extracellular region"	GO:0005576	2	SPU_012439	0.687886930099623
"extracellular region"	GO:0005576	2	SPU_013170	-0.232659861677039
"extracellular region"	GO:0005576	2	SPU_015371	0.0110639377033945
"extracellular region"	GO:0005576	2	SPU_017239	-0.138842887868653
"extracellular region"	GO:0005576	2	SPU_019422	-0.0796907833045391
"extracellular region"	GO:0005576	2	SPU_022988	-1.60089052699216
"extracellular region"	GO:0005576	2	SPU_025922	-6.83165255958054
"supramolecular fiber"	GO:0005874;GO:0099513;GO:0099512;GO:0099081;GO:0099080	4	SPU_000061	-1.94299035679573
"supramolecular fiber"	GO:0005874;GO:0099513;GO:0099512;GO:0099081;GO:0099080	4	SPU_000062	0.709752831056114
"supramolecular fiber"	GO:0005874;GO:0099513;GO:0099512;GO:0099081;GO:0099080	4	SPU_000095	0.224315708865632
"supramolecular fiber"	GO:0005874;GO:0099513;GO:0099512;GO:0099081;GO:0099080	4	SPU_000096	-2.38157791019325
"supramolecular fiber"	GO:0005874;GO:0099513;GO:0099512;GO:0099081;GO:0099080	4	SPU_000098	1.60626287016038
"supramolecular fiber"	GO:0005874;GO:0099513;GO:0099512;GO:0099081;GO:0099080	4	SPU_000796	-2.58644093133898
"supramolecular fiber"	GO:0005874;GO:0099513;GO:0099512;GO:0099081;GO:0099080	4	SPU_001045	6.14559925228661
"supramolecular fiber"	GO:0005874;GO:0099513;GO:0099512;GO:0099081;GO:0099080	4	SPU_002663	0.804062558777013
"supramolecular fiber"	GO:0005874;GO:0099513;GO:0099512;GO:0099081;GO:0099080	4	SPU_002788	-23.6942684984448
"supramolecular fiber"	GO:0005874;GO:0099513;GO:0099512;GO:0099081;GO:0099080	4	SPU_003894	-2.74231981888717
"supramolecular fiber"	GO:0005874;GO:0099513;GO:0099512;GO:0099081;GO:0099080	4	SPU_004143	2.39784882465012
"supramolecular fiber"	GO:0005874;GO:0099513;GO:0099512;GO:0099081;GO:0099080	4	SPU_004266	0.472498563592297
"supramolecular fiber"	GO:0005874;GO:0099513;GO:0099512;GO:0099081;GO:0099080	4	SPU_007424	0.640148207978646
"supramolecular fiber"	GO:0005874;GO:0099513;GO:0099512;GO:0099081;GO:0099080	4	SPU_007435	0.624153953014809
"supramolecular fiber"	GO:0005874;GO:0099513;GO:0099512;GO:0099081;GO:0099080	4	SPU_007984	-3.41111112807098
"supramolecular fiber"	GO:0005874;GO:0099513;GO:0099512;GO:0099081;GO:0099080	4	SPU_008774	1.17318821915108
"supramolecular fiber"	GO:0005874;GO:0099513;GO:0099512;GO:0099081;GO:0099080	4	SPU_008823	-2.08582844677625
"supramolecular fiber"	GO:0005874;GO:0099513;GO:0099512;GO:0099081;GO:0099080	4	SPU_009153	0.123025661897791
"supramolecular fiber"	GO:0005874;GO:0099513;GO:0099512;GO:0099081;GO:0099080	4	SPU_010255	1.45333132848451
"supramolecular fiber"	GO:0005874;GO:0099513;GO:0099512;GO:0099081;GO:0099080	4	SPU_011669	-1.91812409640687
"supramolecular fiber"	GO:0005874;GO:0099513;GO:0099512;GO:0099081;GO:0099080	4	SPU_012678	1.88750882191444
"supramolecular fiber"	GO:0005874;GO:0099513;GO:0099512;GO:0099081;GO:0099080	4	SPU_012679	0.127325665079978
"supramolecular fiber"	GO:0005874;GO:0099513;GO:0099512;GO:0099081;GO:0099080	4	SPU_013273	1.49524143498783
"supramolecular fiber"	GO:0005874;GO:0099513;GO:0099512;GO:0099081;GO:0099080	4	SPU_013393	1.52136671668579
"supramolecular fiber"	GO:0005874;GO:0099513;GO:0099512;GO:0099081;GO:0099080	4	SPU_015608	-1.91972106444003
"supramolecular fiber"	GO:0005874;GO:0099513;GO:0099512;GO:0099081;GO:0099080	4	SPU_016007	-0.366296568979857
"supramolecular fiber"	GO:0005874;GO:0099513;GO:0099512;GO:0099081;GO:0099080	4	SPU_016746	-7.03169188106725
"supramolecular fiber"	GO:0005874;GO:0099513;GO:0099512;GO:0099081;GO:0099080	4	SPU_019990	-0.579488498378735
"supramolecular fiber"	GO:0005874;GO:0099513;GO:0099512;GO:0099081;GO:0099080	4	SPU_020812	2.51640245506798
"supramolecular fiber"	GO:0005874;GO:0099513;GO:0099512;GO:0099081;GO:0099080	4	SPU_020943	9.38681768798725
"supramolecular fiber"	GO:0005874;GO:0099513;GO:0099512;GO:0099081;GO:0099080	4	SPU_021668	-0.325412543962023
"supramolecular fiber"	GO:0005874;GO:0099513;GO:0099512;GO:0099081;GO:0099080	4	SPU_021669	-0.115429085401046
"supramolecular fiber"	GO:0005874;GO:0099513;GO:0099512;GO:0099081;GO:0099080	4	SPU_024615	-2.83311257849635
"supramolecular fiber"	GO:0005874;GO:0099513;GO:0099512;GO:0099081;GO:0099080	4	SPU_024616	1.39532580348104
"supramolecular fiber"	GO:0005874;GO:0099513;GO:0099512;GO:0099081;GO:0099080	4	SPU_024617	-1.16168537133668
"supramolecular fiber"	GO:0005874;GO:0099513;GO:0099512;GO:0099081;GO:0099080	4	SPU_025175	-0.578184649512437
"supramolecular fiber"	GO:0005874;GO:0099513;GO:0099512;GO:0099081;GO:0099080	4	SPU_026444	8.50953961208609
"supramolecular fiber"	GO:0005874;GO:0099513;GO:0099512;GO:0099081;GO:0099080	4	SPU_028221	-0.838672244597404
"supramolecular fiber"	GO:0005874;GO:0099513;GO:0099512;GO:0099081;GO:0099080	4	SPU_002219	4.22087856678373
"supramolecular fiber"	GO:0005874;GO:0099513;GO:0099512;GO:0099081;GO:0099080	4	SPU_020333	0.663985441205847
"plasma membrane"	GO:0005886	2	SPU_001452	-12.9674421705926
"plasma membrane"	GO:0005886	2	SPU_001454	-11.9372055871793
"plasma membrane"	GO:0005886	2	SPU_001480	-0.318987744185997
"plasma membrane"	GO:0005886	2	SPU_003727	-1.76427480339273
"plasma membrane"	GO:0005886	2	SPU_003730	-0.427919023673973
"plasma membrane"	GO:0005886	2	SPU_008299	-0.366014386422509
"plasma membrane"	GO:0005886	2	SPU_008380	-0.340010075273292
"plasma membrane"	GO:0005886	2	SPU_009073	-9.57800946113544
"plasma membrane"	GO:0005886	2	SPU_010840	-6.585148506194
"plasma membrane"	GO:0005886	2	SPU_011375	-0.683914809952541
"plasma membrane"	GO:0005886	2	SPU_012704	-0.565338973670488
"plasma membrane"	GO:0005886	2	SPU_013323	1.7954999965011
"plasma membrane"	GO:0005886	2	SPU_014606	-6.92793092496065
"plasma membrane"	GO:0005886	2	SPU_015210	-5.48505043862855
"plasma membrane"	GO:0005886	2	SPU_016980	-1.87185099229581
"plasma membrane"	GO:0005886	2	SPU_017039	0.425083717280307
"plasma membrane"	GO:0005886	2	SPU_019010	0.858875544710798
"plasma membrane"	GO:0005886	2	SPU_019261	-1.55405588100448
"plasma membrane"	GO:0005886	2	SPU_019394	1.99496737672123
"plasma membrane"	GO:0005886	2	SPU_022283	-1.08967115564175
"plasma membrane"	GO:0005886	2	SPU_023632	-0.673251003816926
"plasma membrane"	GO:0005886	2	SPU_025622	1.01940789832929
"plasma membrane"	GO:0005886	2	SPU_027133	-13.4515389830069
"plasma membrane"	GO:0005886	2	SPU_027356	-8.09827041311152
"voltage-gated potassium channel complex"	GO:0008076;GO:0034705	4	SPU_000856	-2.14034722876803
"voltage-gated potassium channel complex"	GO:0008076;GO:0034705	4	SPU_004907	0.730116150949692
"voltage-gated potassium channel complex"	GO:0008076;GO:0034705	4	SPU_006470	1.03493301708779
"voltage-gated potassium channel complex"	GO:0008076;GO:0034705	4	SPU_012871	-2.39190688530729
"voltage-gated potassium channel complex"	GO:0008076;GO:0034705	4	SPU_019341	-0.144284248836804
"nuclear protein-containing complex"	GO:0140513	2	SPU_004889	0.09898636319126
"nuclear protein-containing complex"	GO:0140513	2	SPU_005987	-0.309744838703879
"nuclear protein-containing complex"	GO:0140513	2	SPU_007799	-0.357666794603763
"nuclear protein-containing complex"	GO:0140513	2	SPU_012887	-0.698108159288451
"nuclear protein-containing complex"	GO:0140513	2	SPU_019031	23.224303542991
"nuclear protein-containing complex"	GO:0140513	2	SPU_022327	0.837537724173132
"nuclear protein-containing complex"	GO:0140513	2	SPU_024737	1.02613418982642
"nuclear protein-containing complex"	GO:0140513	2	SPU_026500	0.64460480205676
"plasma membrane protein complex"	GO:0098797	2	SPU_000856	-2.14034722876803
"plasma membrane protein complex"	GO:0098797	2	SPU_002069	1.31779018627344
"plasma membrane protein complex"	GO:0098797	2	SPU_004907	0.730116150949692
"plasma membrane protein complex"	GO:0098797	2	SPU_006470	1.03493301708779
"plasma membrane protein complex"	GO:0098797	2	SPU_007770	1.08116346883045
"plasma membrane protein complex"	GO:0098797	2	SPU_010116	-1.72542113153528
"plasma membrane protein complex"	GO:0098797	2	SPU_011692	-4.15106698131117
"plasma membrane protein complex"	GO:0098797	2	SPU_012871	-2.39190688530729
"plasma membrane protein complex"	GO:0098797	2	SPU_017200	-0.283931212142914
"plasma membrane protein complex"	GO:0098797	2	SPU_019341	-0.144284248836804
"plasma membrane protein complex"	GO:0098797	2	SPU_025626	0.286009327613093
"plasma membrane protein complex"	GO:0098797	2	SPU_025997	-1.25038337822045
"plasma membrane protein complex"	GO:0098797	2	SPU_028775	-15.566697504943
"membrane protein complex"	GO:0098796	2	SPU_000856	-2.14034722876803
"membrane protein complex"	GO:0098796	2	SPU_001332	-5.1612479467972
"membrane protein complex"	GO:0098796	2	SPU_001933	-0.0990254985982307
"membrane protein complex"	GO:0098796	2	SPU_002069	1.31779018627344
"membrane protein complex"	GO:0098796	2	SPU_002616	12.7968844200666
"membrane protein complex"	GO:0098796	2	SPU_003225	0.350360581959807
"membrane protein complex"	GO:0098796	2	SPU_004907	0.730116150949692
"membrane protein complex"	GO:0098796	2	SPU_004963	-0.220008360043191
"membrane protein complex"	GO:0098796	2	SPU_006470	1.03493301708779
"membrane protein complex"	GO:0098796	2	SPU_007770	1.08116346883045
"membrane protein complex"	GO:0098796	2	SPU_008143	-0.408389468093767
"membrane protein complex"	GO:0098796	2	SPU_009461	-11.4725522698075
"membrane protein complex"	GO:0098796	2	SPU_010116	-1.72542113153528
"membrane protein complex"	GO:0098796	2	SPU_010747	-1.71413022828767
"membrane protein complex"	GO:0098796	2	SPU_011475	0.969801853138673
"membrane protein complex"	GO:0098796	2	SPU_011567	-5.39663450324562
"membrane protein complex"	GO:0098796	2	SPU_011692	-4.15106698131117
"membrane protein complex"	GO:0098796	2	SPU_012557	0.711418051632443
"membrane protein complex"	GO:0098796	2	SPU_012559	2.03706856873916
"membrane protein complex"	GO:0098796	2	SPU_012813	-1.3351173241218
"membrane protein complex"	GO:0098796	2	SPU_012871	-2.39190688530729
"membrane protein complex"	GO:0098796	2	SPU_013052	6.57108726778295
"membrane protein complex"	GO:0098796	2	SPU_013675	-4.62178344093065
"membrane protein complex"	GO:0098796	2	SPU_016993	0.0187022145226225
"membrane protein complex"	GO:0098796	2	SPU_017200	-0.283931212142914
"membrane protein complex"	GO:0098796	2	SPU_017605	1.7033030672258
"membrane protein complex"	GO:0098796	2	SPU_019286	-10.5366513229291
"membrane protein complex"	GO:0098796	2	SPU_019341	-0.144284248836804
"membrane protein complex"	GO:0098796	2	SPU_022649	-0.694855357020158
"membrane protein complex"	GO:0098796	2	SPU_023764	0.236292128780285
"membrane protein complex"	GO:0098796	2	SPU_025016	-5.14876653222602
"membrane protein complex"	GO:0098796	2	SPU_025121	-2.01493198280742
"membrane protein complex"	GO:0098796	2	SPU_025275	2.17667497948043
"membrane protein complex"	GO:0098796	2	SPU_025450	-10.6262558245754
"membrane protein complex"	GO:0098796	2	SPU_025626	0.286009327613093
"membrane protein complex"	GO:0098796	2	SPU_025997	-1.25038337822045
"membrane protein complex"	GO:0098796	2	SPU_026199	1.2107896363891
"membrane protein complex"	GO:0098796	2	SPU_026580	10.5213143021982
"membrane protein complex"	GO:0098796	2	SPU_028775	-15.566697504943
"cytoskeleton"	GO:0005856	3	SPU_000241	4.7537503920111
"cytoskeleton"	GO:0005856	3	SPU_009716	-0.153662437544033
"cytoskeleton"	GO:0005856	3	SPU_012228	4.06150749804219
"cytoskeleton"	GO:0005856	3	SPU_012885	-0.469682009611477
"cytoskeleton"	GO:0005856	3	SPU_013161	-15.5425023407428
"cytoskeleton"	GO:0005856	3	SPU_018369	4.32025268077891
"cytoskeleton"	GO:0005856	3	SPU_018705	-7.14608250210666
"cytoskeleton"	GO:0005856	3	SPU_019085	-2.82273871862286
"cytoskeleton"	GO:0005856	3	SPU_019686	0.713483504833131
"cytoskeleton"	GO:0005856	3	SPU_023549	-1.36288995550923
"cytoskeleton"	GO:0005856	3	SPU_028926	-3.90845801432695
"non-membrane-bounded organelle"	GO:0043232;GO:0043228	3	SPU_000241	4.7537503920111
"non-membrane-bounded organelle"	GO:0043232;GO:0043228	3	SPU_006213	4.57488969718773
"non-membrane-bounded organelle"	GO:0043232;GO:0043228	3	SPU_007057	8.16328085928477
"non-membrane-bounded organelle"	GO:0043232;GO:0043228	3	SPU_008221	-4.71253823509892
"non-membrane-bounded organelle"	GO:0043232;GO:0043228	3	SPU_009716	-0.153662437544033
"non-membrane-bounded organelle"	GO:0043232;GO:0043228	3	SPU_010420	1.28687747102219
"non-membrane-bounded organelle"	GO:0043232;GO:0043228	3	SPU_010936	14.7420023816147
"non-membrane-bounded organelle"	GO:0043232;GO:0043228	3	SPU_011572	16.9227152531561
"non-membrane-bounded organelle"	GO:0043232;GO:0043228	3	SPU_012228	4.06150749804219
"non-membrane-bounded organelle"	GO:0043232;GO:0043228	3	SPU_012885	-0.469682009611477
"non-membrane-bounded organelle"	GO:0043232;GO:0043228	3	SPU_013161	-15.5425023407428
"non-membrane-bounded organelle"	GO:0043232;GO:0043228	3	SPU_013452	4.67311506436706
"non-membrane-bounded organelle"	GO:0043232;GO:0043228	3	SPU_013662	4.68383933234243
"non-membrane-bounded organelle"	GO:0043232;GO:0043228	3	SPU_014454	4.76358357299658
"non-membrane-bounded organelle"	GO:0043232;GO:0043228	3	SPU_016200	3.13343929233644
"non-membrane-bounded organelle"	GO:0043232;GO:0043228	3	SPU_017082	11.1013615596221
"non-membrane-bounded organelle"	GO:0043232;GO:0043228	3	SPU_018369	4.32025268077891
"non-membrane-bounded organelle"	GO:0043232;GO:0043228	3	SPU_018705	-7.14608250210666
"non-membrane-bounded organelle"	GO:0043232;GO:0043228	3	SPU_019085	-2.82273871862286
"non-membrane-bounded organelle"	GO:0043232;GO:0043228	3	SPU_019686	0.713483504833131
"non-membrane-bounded organelle"	GO:0043232;GO:0043228	3	SPU_019736	0.992102880654605
"non-membrane-bounded organelle"	GO:0043232;GO:0043228	3	SPU_021149	0.02470059029554
"non-membrane-bounded organelle"	GO:0043232;GO:0043228	3	SPU_023549	-1.36288995550923
"non-membrane-bounded organelle"	GO:0043232;GO:0043228	3	SPU_025185	0.846973504988587
"non-membrane-bounded organelle"	GO:0043232;GO:0043228	3	SPU_026541	5.95068255466395
"non-membrane-bounded organelle"	GO:0043232;GO:0043228	3	SPU_028926	-3.90845801432695
"Golgi apparatus"	GO:0005794	4	SPU_001332	-5.1612479467972
"Golgi apparatus"	GO:0005794	4	SPU_002329	-0.755763170394411
"Golgi apparatus"	GO:0005794	4	SPU_002331	2.96867096238434
"Golgi apparatus"	GO:0005794	4	SPU_003383	0.601864722473062
"Golgi apparatus"	GO:0005794	4	SPU_004515	-4.56790017306389
"Golgi apparatus"	GO:0005794	4	SPU_005313	-1.19864037743461
"Golgi apparatus"	GO:0005794	4	SPU_005951	2.75206120335839
"Golgi apparatus"	GO:0005794	4	SPU_006168	-11.473610267435
"Golgi apparatus"	GO:0005794	4	SPU_010690	-0.453970934003769
"Golgi apparatus"	GO:0005794	4	SPU_011302	-0.196923066921819
"Golgi apparatus"	GO:0005794	4	SPU_012687	0.0561103029897377
"Golgi apparatus"	GO:0005794	4	SPU_015125	-2.03412984702958
"Golgi apparatus"	GO:0005794	4	SPU_015615	-0.213095590056724
"Golgi apparatus"	GO:0005794	4	SPU_016133	1.77576483769275
"Golgi apparatus"	GO:0005794	4	SPU_016135	3.47346579980197
"Golgi apparatus"	GO:0005794	4	SPU_017653	0.279085421076501
"Golgi apparatus"	GO:0005794	4	SPU_017654	-0.850893390911518
"Golgi apparatus"	GO:0005794	4	SPU_021743	0.589038736687349
"Golgi apparatus"	GO:0005794	4	SPU_022134	-0.311322021967546
"Golgi apparatus"	GO:0005794	4	SPU_026090	-0.0605447987319348
"Golgi apparatus"	GO:0005794	4	SPU_026260	0.502473641927616
"Golgi apparatus"	GO:0005794	4	SPU_026736	1.18951301467942
"Golgi apparatus"	GO:0005794	4	SPU_026815	-2.49218292031558
"Golgi apparatus"	GO:0005794	4	SPU_027231	-2.13517584717352
"integral component of membrane"	GO:0016021;GO:0031224	2	SPU_000765	-3.14595412670997
"integral component of membrane"	GO:0016021;GO:0031224	2	SPU_000922	9.45167675656051
"integral component of membrane"	GO:0016021;GO:0031224	2	SPU_001494	-2.36123044087785
"integral component of membrane"	GO:0016021;GO:0031224	2	SPU_001774	-5.42926213499013
"integral component of membrane"	GO:0016021;GO:0031224	2	SPU_002338	-1.49614069489853
"integral component of membrane"	GO:0016021;GO:0031224	2	SPU_002737	-1.07768358479864
"integral component of membrane"	GO:0016021;GO:0031224	2	SPU_002875	-0.0307648326949675
"integral component of membrane"	GO:0016021;GO:0031224	2	SPU_005097	-5.02800987680971
"integral component of membrane"	GO:0016021;GO:0031224	2	SPU_007955	0.453250840704336
"integral component of membrane"	GO:0016021;GO:0031224	2	SPU_011220	-2.37775368534271
"integral component of membrane"	GO:0016021;GO:0031224	2	SPU_011320	-7.7378952569489
"integral component of membrane"	GO:0016021;GO:0031224	2	SPU_014269	2.74600854023549
"integral component of membrane"	GO:0016021;GO:0031224	2	SPU_016177	-0.798839494345707
"integral component of membrane"	GO:0016021;GO:0031224	2	SPU_017511	-0.76417934135231
"integral component of membrane"	GO:0016021;GO:0031224	2	SPU_018091	-1.84928653076404
"integral component of membrane"	GO:0016021;GO:0031224	2	SPU_018826	0.323886668962903
"integral component of membrane"	GO:0016021;GO:0031224	2	SPU_019228	-0.12136190103178
"integral component of membrane"	GO:0016021;GO:0031224	2	SPU_019709	-0.467271400793193
"integral component of membrane"	GO:0016021;GO:0031224	2	SPU_020803	-1.64053643149703
"integral component of membrane"	GO:0016021;GO:0031224	2	SPU_021157	0.105062787533049
"integral component of membrane"	GO:0016021;GO:0031224	2	SPU_021158	-1.97046647232601
"integral component of membrane"	GO:0016021;GO:0031224	2	SPU_021159	2.578966450635
"integral component of membrane"	GO:0016021;GO:0031224	2	SPU_022683	-10.0270237649925
"integral component of membrane"	GO:0016021;GO:0031224	2	SPU_022684	0.317287034618233
"integral component of membrane"	GO:0016021;GO:0031224	2	SPU_022857	-2.93263611223942
"integral component of membrane"	GO:0016021;GO:0031224	2	SPU_023204	1.19611429427254
"integral component of membrane"	GO:0016021;GO:0031224	2	SPU_023216	-23.3489449071046
"integral component of membrane"	GO:0016021;GO:0031224	2	SPU_024908	2.56143170477621
"integral component of membrane"	GO:0016021;GO:0031224	2	SPU_025436	-0.0730689927884846
"integral component of membrane"	GO:0016021;GO:0031224	2	SPU_026087	-3.01872297575728
"integral component of membrane"	GO:0016021;GO:0031224	2	SPU_027433	-0.131266265085261
"integral component of membrane"	GO:0016021;GO:0031224	2	SPU_027434	-1.01325368782726
"integral component of membrane"	GO:0016021;GO:0031224	2	SPU_027867	-0.3004183839631
"integral component of membrane"	GO:0016021;GO:0031224	2	SPU_028801	-13.7437372913194
"bounding membrane of organelle"	GO:0000139;GO:0098588	3	SPU_001579	0.269995121368199
"bounding membrane of organelle"	GO:0000139;GO:0098588	3	SPU_008505	-7.29209680516513
"bounding membrane of organelle"	GO:0000139;GO:0098588	3	SPU_008692	1.78076471779504
"bounding membrane of organelle"	GO:0000139;GO:0098588	3	SPU_009014	0.038271214079123
"bounding membrane of organelle"	GO:0000139;GO:0098588	3	SPU_009922	-0.219407575736529
"bounding membrane of organelle"	GO:0000139;GO:0098588	3	SPU_010761	-0.125558767189148
"bounding membrane of organelle"	GO:0000139;GO:0098588	3	SPU_015506	1.61665200032012
"bounding membrane of organelle"	GO:0000139;GO:0098588	3	SPU_018130	-6.63685594777427
"bounding membrane of organelle"	GO:0000139;GO:0098588	3	SPU_019603	0.579123288953914
"bounding membrane of organelle"	GO:0000139;GO:0098588	3	SPU_019782	-1.31169233518983
"bounding membrane of organelle"	GO:0000139;GO:0098588	3	SPU_023853	0.610883748176053
"bounding membrane of organelle"	GO:0000139;GO:0098588	3	SPU_025102	8.37437707840914
"bounding membrane of organelle"	GO:0000139;GO:0098588	3	SPU_025858	0.129577700229364
"bounding membrane of organelle"	GO:0000139;GO:0098588	3	SPU_003047	-0.550959725747362
"bounding membrane of organelle"	GO:0000139;GO:0098588	3	SPU_007142	0.525629963379753
"bounding membrane of organelle"	GO:0000139;GO:0098588	3	SPU_010010	0.712541766327824
"bounding membrane of organelle"	GO:0000139;GO:0098588	3	SPU_028003	0.815110710619185
"peptidase complex"	GO:1905368	3	SPU_003225	0.350360581959807
"peptidase complex"	GO:1905368	3	SPU_012557	0.711418051632443
"peptidase complex"	GO:1905368	3	SPU_022327	0.837537724173132
"peptidase complex"	GO:1905368	3	SPU_024737	1.02613418982642
"peptidase complex"	GO:1905368	3	SPU_025275	2.17667497948043
"catalytic complex"	GO:1902494	2	SPU_000013	11.4064390823008
"catalytic complex"	GO:1902494	2	SPU_001933	-0.0990254985982307
"catalytic complex"	GO:1902494	2	SPU_003225	0.350360581959807
"catalytic complex"	GO:1902494	2	SPU_004934	14.767261851855
"catalytic complex"	GO:1902494	2	SPU_009461	-11.4725522698075
"catalytic complex"	GO:1902494	2	SPU_010540	-3.00045812092671
"catalytic complex"	GO:1902494	2	SPU_010886	14.1931471829221
"catalytic complex"	GO:1902494	2	SPU_012557	0.711418051632443
"catalytic complex"	GO:1902494	2	SPU_019031	23.224303542991
"catalytic complex"	GO:1902494	2	SPU_022327	0.837537724173132
"catalytic complex"	GO:1902494	2	SPU_024737	1.02613418982642
"catalytic complex"	GO:1902494	2	SPU_024771	44.1477485662318
"catalytic complex"	GO:1902494	2	SPU_025275	2.17667497948043
"catalytic complex"	GO:1902494	2	SPU_026500	0.64460480205676
"catalytic complex"	GO:1902494	2	SPU_030223	-0.815476065174241
"nucleus"	GO:0005634	4	SPU_000129	-0.279014961068598
"nucleus"	GO:0005634	4	SPU_000131	-2.07513867594545
"nucleus"	GO:0005634	4	SPU_000215	-2.62560947866771
"nucleus"	GO:0005634	4	SPU_000225	6.53836901459744
"nucleus"	GO:0005634	4	SPU_000446	-1.49099502136142
"nucleus"	GO:0005634	4	SPU_001309	1.07854073837993
"nucleus"	GO:0005634	4	SPU_001573	0.122159833561564
"nucleus"	GO:0005634	4	SPU_002117	4.11954159168965
"nucleus"	GO:0005634	4	SPU_002220	1.33355682391156
"nucleus"	GO:0005634	4	SPU_002285	0.449304450786327
"nucleus"	GO:0005634	4	SPU_002655	13.9881423322282
"nucleus"	GO:0005634	4	SPU_003088	1.44369496302399
"nucleus"	GO:0005634	4	SPU_004588	4.70311142512831
"nucleus"	GO:0005634	4	SPU_004658	6.52117293629519
"nucleus"	GO:0005634	4	SPU_005172	0.555981083853469
"nucleus"	GO:0005634	4	SPU_005814	0.376976087141979
"nucleus"	GO:0005634	4	SPU_006096	4.1708906058183
"nucleus"	GO:0005634	4	SPU_006396	0.586078222417539
"nucleus"	GO:0005634	4	SPU_006666	8.08316245351411
"nucleus"	GO:0005634	4	SPU_006861	1.75092299172928
"nucleus"	GO:0005634	4	SPU_008931	0.368958742576077
"nucleus"	GO:0005634	4	SPU_009224	1.39746475042595
"nucleus"	GO:0005634	4	SPU_009797	8.97040237331136
"nucleus"	GO:0005634	4	SPU_010199	-0.406096455421777
"nucleus"	GO:0005634	4	SPU_010339	0.239117756246389
"nucleus"	GO:0005634	4	SPU_011485	-0.680612109771594
"nucleus"	GO:0005634	4	SPU_011676	-0.646126056722823
"nucleus"	GO:0005634	4	SPU_011706	0.612614478943069
"nucleus"	GO:0005634	4	SPU_011707	0.516378303245005
"nucleus"	GO:0005634	4	SPU_012431	0.314032356237838
"nucleus"	GO:0005634	4	SPU_012691	1.6123521238063
"nucleus"	GO:0005634	4	SPU_012889	1.01368814234627
"nucleus"	GO:0005634	4	SPU_012983	-0.253804121494017
"nucleus"	GO:0005634	4	SPU_014290	1.10112759912354
"nucleus"	GO:0005634	4	SPU_014712	2.85806648743923
"nucleus"	GO:0005634	4	SPU_014807	2.73262780359269
"nucleus"	GO:0005634	4	SPU_014908	-1.15044916546506
"nucleus"	GO:0005634	4	SPU_015213	-2.68167293794753
"nucleus"	GO:0005634	4	SPU_015374	-1.59110377965055
"nucleus"	GO:0005634	4	SPU_017407	-0.731043176734316
"nucleus"	GO:0005634	4	SPU_018012	1.38648293349407
"nucleus"	GO:0005634	4	SPU_018304	1.34207800525698
"nucleus"	GO:0005634	4	SPU_019161	-0.579187369376904
"nucleus"	GO:0005634	4	SPU_019673	7.10417836268499
"nucleus"	GO:0005634	4	SPU_019953	0.579795548507455
"nucleus"	GO:0005634	4	SPU_020284	-0.95608783095703
"nucleus"	GO:0005634	4	SPU_020689	2.23052791561137
"nucleus"	GO:0005634	4	SPU_020715	0.616801225562709
"nucleus"	GO:0005634	4	SPU_020766	0.120950018030414
"nucleus"	GO:0005634	4	SPU_020924	-0.497651535170461
"nucleus"	GO:0005634	4	SPU_020994	0.991185257591906
"nucleus"	GO:0005634	4	SPU_020995	3.85275689452567
"nucleus"	GO:0005634	4	SPU_021560	20.1651292211289
"nucleus"	GO:0005634	4	SPU_023766	3.31741667160622
"nucleus"	GO:0005634	4	SPU_023819	7.10057929103837
"nucleus"	GO:0005634	4	SPU_024513	-0.72532055605853
"nucleus"	GO:0005634	4	SPU_024954	0.747721790824716
"nucleus"	GO:0005634	4	SPU_025082	-3.01804587114171
"nucleus"	GO:0005634	4	SPU_025399	1.16648012315524
"nucleus"	GO:0005634	4	SPU_026147	-0.262465238096951
"nucleus"	GO:0005634	4	SPU_026402	0.29436370101983
"nucleus"	GO:0005634	4	SPU_026450	-2.33261974589463
"nucleus"	GO:0005634	4	SPU_027935	-0.79396999620679
"nucleus"	GO:0005634	4	SPU_028312	0.10647677752656
"nucleus"	GO:0005634	4	SPU_028524	6.82604808829044
"spindle pole"	GO:0000922	2	SPU_000278	0.164423113408666
"spindle pole"	GO:0000922	2	SPU_000723	0.774671284222032
"spindle pole"	GO:0000922	2	SPU_002534	3.39772899236632
"spindle pole"	GO:0000922	2	SPU_009979	1.42080656777252
"spindle pole"	GO:0000922	2	SPU_010158	2.07727336790463
"spindle pole"	GO:0000922	2	SPU_010736	-7.13971033680515
"spindle pole"	GO:0000922	2	SPU_016509	1.88919565322627
"spindle pole"	GO:0000922	2	SPU_021617	-0.63102098146712
"spindle pole"	GO:0000922	2	SPU_024595	4.75109370395343
"spindle pole"	GO:0000922	2	SPU_026892	-1.9926023806941
"endoplasmic reticulum membrane"	GO:0005789	4	SPU_002179	1.0997684004291
"endoplasmic reticulum membrane"	GO:0005789	4	SPU_012397	3.86854855314495
"endoplasmic reticulum membrane"	GO:0005789	4	SPU_013507	2.40904021836659
"endoplasmic reticulum membrane"	GO:0005789	4	SPU_019744	0.0766146393535018
"endoplasmic reticulum membrane"	GO:0005789	4	SPU_020788	-1.13771476574611
"endoplasmic reticulum membrane"	GO:0005789	4	SPU_025513	-2.53496550229642
"endoplasmic reticulum membrane"	GO:0005789	4	SPU_026238	-0.629810817629518
"endoplasmic reticulum protein-containing complex"	GO:0140534	2	SPU_001933	-0.0990254985982307
"endoplasmic reticulum protein-containing complex"	GO:0140534	2	SPU_003225	0.350360581959807
"endoplasmic reticulum protein-containing complex"	GO:0140534	2	SPU_009461	-11.4725522698075
"endoplasmic reticulum protein-containing complex"	GO:0140534	2	SPU_011567	-5.39663450324562
"endoplasmic reticulum protein-containing complex"	GO:0140534	2	SPU_012557	0.711418051632443
"endoplasmic reticulum protein-containing complex"	GO:0140534	2	SPU_025275	2.17667497948043
"endoplasmic reticulum protein-containing complex"	GO:0140534	2	SPU_025450	-10.6262558245754
"proteasome core complex"	GO:0005839	2	SPU_002299	1.85276819070323
"proteasome core complex"	GO:0005839	2	SPU_004036	0.195740531150666
"proteasome core complex"	GO:0005839	2	SPU_013097	-0.957951316068652
"proteasome core complex"	GO:0005839	2	SPU_023286	-0.278050517315933
"proteasome core complex"	GO:0005839	2	SPU_026711	3.79483925718184
"transcription regulator complex"	GO:0005667	2	SPU_000129	-0.279014961068598
"transcription regulator complex"	GO:0005667	2	SPU_007799	-0.357666794603763
"transcription regulator complex"	GO:0005667	2	SPU_017407	-0.731043176734316
"transcription regulator complex"	GO:0005667	2	SPU_020284	-0.95608783095703
"transcription regulator complex"	GO:0005667	2	SPU_027935	-0.79396999620679
"microtubule associated complex"	GO:0005858;GO:0030286;GO:0005875	3	SPU_000013	11.4064390823008
"microtubule associated complex"	GO:0005858;GO:0030286;GO:0005875	3	SPU_004934	14.767261851855
"microtubule associated complex"	GO:0005858;GO:0030286;GO:0005875	3	SPU_010540	-3.00045812092671
"microtubule associated complex"	GO:0005858;GO:0030286;GO:0005875	3	SPU_010886	14.1931471829221
"microtubule associated complex"	GO:0005858;GO:0030286;GO:0005875	3	SPU_030223	-0.815476065174241
"microtubule associated complex"	GO:0005858;GO:0030286;GO:0005875	3	SPU_012877	-0.818043512097188
"ribosome"	GO:0005840	3	SPU_006213	4.57488969718773
"ribosome"	GO:0005840	3	SPU_007057	8.16328085928477
"ribosome"	GO:0005840	3	SPU_010936	14.7420023816147
"ribosome"	GO:0005840	3	SPU_011572	16.9227152531561
"ribosome"	GO:0005840	3	SPU_013452	4.67311506436706
"ribosome"	GO:0005840	3	SPU_013662	4.68383933234243
"ribosome"	GO:0005840	3	SPU_014454	4.76358357299658
"ribosome"	GO:0005840	3	SPU_016200	3.13343929233644
"ribosome"	GO:0005840	3	SPU_019736	0.992102880654605
"ribosome"	GO:0005840	3	SPU_021149	0.02470059029554
"ribosome"	GO:0005840	3	SPU_026541	5.95068255466395
"mitochondrial membrane"	GO:0031966	4	SPU_007142	0.525629963379753
"mitochondrial membrane"	GO:0031966	4	SPU_015522	9.47238150663041
"mitochondrial membrane"	GO:0031966	4	SPU_019118	3.55017725918052
"mitochondrial membrane"	GO:0031966	4	SPU_024417	-0.696836263960336
"mitochondrial membrane"	GO:0031966	4	SPU_028003	0.815110710619185
"endoplasmic reticulum"	GO:0005783	3	SPU_004010	-8.8844702039187
"endoplasmic reticulum"	GO:0005783	3	SPU_011230	6.97022132670654
"endoplasmic reticulum"	GO:0005783	3	SPU_015044	-2.20064708421588
"endoplasmic reticulum"	GO:0005783	3	SPU_015472	-0.227529104676967
"endoplasmic reticulum"	GO:0005783	3	SPU_015748	-3.18883848769345
"endoplasmic reticulum"	GO:0005783	3	SPU_020149	-4.67823604214557
"endoplasmic reticulum"	GO:0005783	3	SPU_022879	-2.67880499541815
"endoplasmic reticulum"	GO:0005783	3	SPU_024561	0.665672766305036
"endoplasmic reticulum"	GO:0005783	3	SPU_027827	-0.331147352020735
"membrane coat"	GO:0030117	2	SPU_001332	-5.1612479467972
"membrane coat"	GO:0030117	2	SPU_002616	12.7968844200666
"membrane coat"	GO:0030117	2	SPU_004963	-0.220008360043191
"membrane coat"	GO:0030117	2	SPU_008143	-0.408389468093767
"membrane coat"	GO:0030117	2	SPU_010747	-1.71413022828767
"membrane coat"	GO:0030117	2	SPU_011475	0.969801853138673
"membrane coat"	GO:0030117	2	SPU_012559	2.03706856873916
"membrane coat"	GO:0030117	2	SPU_012813	-1.3351173241218
"membrane coat"	GO:0030117	2	SPU_013675	-4.62178344093065
"membrane coat"	GO:0030117	2	SPU_019286	-10.5366513229291
"membrane coat"	GO:0030117	2	SPU_022649	-0.694855357020158
"membrane coat"	GO:0030117	2	SPU_025016	-5.14876653222602
"membrane coat"	GO:0030117	2	SPU_025121	-2.01493198280742
"membrane coat"	GO:0030117	2	SPU_026199	1.2107896363891
"ion channel complex"	GO:0034703;GO:0034702;GO:1902495;GO:1990351	4	SPU_000856	-2.14034722876803
"ion channel complex"	GO:0034703;GO:0034702;GO:1902495;GO:1990351	4	SPU_004907	0.730116150949692
"ion channel complex"	GO:0034703;GO:0034702;GO:1902495;GO:1990351	4	SPU_006470	1.03493301708779
"ion channel complex"	GO:0034703;GO:0034702;GO:1902495;GO:1990351	4	SPU_007770	1.08116346883045
"ion channel complex"	GO:0034703;GO:0034702;GO:1902495;GO:1990351	4	SPU_011692	-4.15106698131117
"ion channel complex"	GO:0034703;GO:0034702;GO:1902495;GO:1990351	4	SPU_012871	-2.39190688530729
"ion channel complex"	GO:0034703;GO:0034702;GO:1902495;GO:1990351	4	SPU_019341	-0.144284248836804
"ion channel complex"	GO:0034703;GO:0034702;GO:1902495;GO:1990351	4	SPU_025997	-1.25038337822045
"vesicle coat"	GO:0030130;GO:0030125;GO:0030118;GO:0030120	5	SPU_002616	12.7968844200666
"vesicle coat"	GO:0030130;GO:0030125;GO:0030118;GO:0030120	5	SPU_011475	0.969801853138673
"vesicle coat"	GO:0030130;GO:0030125;GO:0030118;GO:0030120	5	SPU_012813	-1.3351173241218
"vesicle coat"	GO:0030130;GO:0030125;GO:0030118;GO:0030120	5	SPU_022649	-0.694855357020158
"vesicle coat"	GO:0030130;GO:0030125;GO:0030118;GO:0030120	5	SPU_026199	1.2107896363891
"vesicle coat"	GO:0030130;GO:0030125;GO:0030118;GO:0030120	5	SPU_025016	-5.14876653222602
"DNA packaging complex"	GO:0000786;GO:0032993;GO:0044815	3	SPU_000972	0.803829639608227
"DNA packaging complex"	GO:0000786;GO:0032993;GO:0044815	3	SPU_000973	1.73495801306654
"DNA packaging complex"	GO:0000786;GO:0032993;GO:0044815	3	SPU_001312	-1.78149199554592
"DNA packaging complex"	GO:0000786;GO:0032993;GO:0044815	3	SPU_001725	2.61595335328852
"DNA packaging complex"	GO:0000786;GO:0032993;GO:0044815	3	SPU_002027	-3.35151525312997
"DNA packaging complex"	GO:0000786;GO:0032993;GO:0044815	3	SPU_002499	-0.254369472908893
"DNA packaging complex"	GO:0000786;GO:0032993;GO:0044815	3	SPU_002809	3.62100119060423
"DNA packaging complex"	GO:0000786;GO:0032993;GO:0044815	3	SPU_002818	0.853628405977631
"DNA packaging complex"	GO:0000786;GO:0032993;GO:0044815	3	SPU_003064	4.04844496820706
"DNA packaging complex"	GO:0000786;GO:0032993;GO:0044815	3	SPU_003782	8.25015472636012
"DNA packaging complex"	GO:0000786;GO:0032993;GO:0044815	3	SPU_004602	5.94378313390521
"DNA packaging complex"	GO:0000786;GO:0032993;GO:0044815	3	SPU_006205	0.144111232104605
"DNA packaging complex"	GO:0000786;GO:0032993;GO:0044815	3	SPU_006828	12.8085632478067
"DNA packaging complex"	GO:0000786;GO:0032993;GO:0044815	3	SPU_006829	0.308250421605356
"DNA packaging complex"	GO:0000786;GO:0032993;GO:0044815	3	SPU_007815	2.01322750122646
"DNA packaging complex"	GO:0000786;GO:0032993;GO:0044815	3	SPU_010745	5.69376125673412
"DNA packaging complex"	GO:0000786;GO:0032993;GO:0044815	3	SPU_011223	-0.0690482899739017
"DNA packaging complex"	GO:0000786;GO:0032993;GO:0044815	3	SPU_012389	4.24648558802313
"DNA packaging complex"	GO:0000786;GO:0032993;GO:0044815	3	SPU_012626	10.0094719070924
"DNA packaging complex"	GO:0000786;GO:0032993;GO:0044815	3	SPU_014432	2.51192874300482
"DNA packaging complex"	GO:0000786;GO:0032993;GO:0044815	3	SPU_014878	0.436456399746699
"DNA packaging complex"	GO:0000786;GO:0032993;GO:0044815	3	SPU_014879	0.661056228141833
"DNA packaging complex"	GO:0000786;GO:0032993;GO:0044815	3	SPU_015391	0.0428583086536871
"DNA packaging complex"	GO:0000786;GO:0032993;GO:0044815	3	SPU_015742	9.63789537899201
"DNA packaging complex"	GO:0000786;GO:0032993;GO:0044815	3	SPU_019138	10.4090482941097
"DNA packaging complex"	GO:0000786;GO:0032993;GO:0044815	3	SPU_022072	1.09510442757826
"DNA packaging complex"	GO:0000786;GO:0032993;GO:0044815	3	SPU_022075	-3.88368570565544
"DNA packaging complex"	GO:0000786;GO:0032993;GO:0044815	3	SPU_023075	0.524338394151851
"DNA packaging complex"	GO:0000786;GO:0032993;GO:0044815	3	SPU_023661	-0.463671377882106
"DNA packaging complex"	GO:0000786;GO:0032993;GO:0044815	3	SPU_024342	7.97855398438805
"DNA packaging complex"	GO:0000786;GO:0032993;GO:0044815	3	SPU_024343	1.32819997103896
"DNA packaging complex"	GO:0000786;GO:0032993;GO:0044815	3	SPU_024567	-0.294613899712385
"DNA packaging complex"	GO:0000786;GO:0032993;GO:0044815	3	SPU_025308	0.0240075306577406
"DNA packaging complex"	GO:0000786;GO:0032993;GO:0044815	3	SPU_025973	-3.2743453388716
"DNA packaging complex"	GO:0000786;GO:0032993;GO:0044815	3	SPU_028135	18.7949784108441
"DNA packaging complex"	GO:0000786;GO:0032993;GO:0044815	3	SPU_024546	-2.55803710069205
"intrinsic component of plasma membrane"	GO:0005887;GO:0031226	3	SPU_002875	-0.0307648326949675
"intrinsic component of plasma membrane"	GO:0005887;GO:0031226	3	SPU_005097	-5.02800987680971
"intrinsic component of plasma membrane"	GO:0005887;GO:0031226	3	SPU_011320	-7.7378952569489
"intrinsic component of plasma membrane"	GO:0005887;GO:0031226	3	SPU_014269	2.74600854023549
"intrinsic component of plasma membrane"	GO:0005887;GO:0031226	3	SPU_016177	-0.798839494345707
"intrinsic component of plasma membrane"	GO:0005887;GO:0031226	3	SPU_018091	-1.84928653076404
"intrinsic component of plasma membrane"	GO:0005887;GO:0031226	3	SPU_018826	0.323886668962903
"intrinsic component of plasma membrane"	GO:0005887;GO:0031226	3	SPU_019228	-0.12136190103178
"intrinsic component of plasma membrane"	GO:0005887;GO:0031226	3	SPU_020803	-1.64053643149703
"intrinsic component of plasma membrane"	GO:0005887;GO:0031226	3	SPU_022683	-10.0270237649925
"intrinsic component of plasma membrane"	GO:0005887;GO:0031226	3	SPU_022684	0.317287034618233
"intrinsic component of plasma membrane"	GO:0005887;GO:0031226	3	SPU_022857	-2.93263611223942
"intrinsic component of plasma membrane"	GO:0005887;GO:0031226	3	SPU_025436	-0.0730689927884846
"intrinsic component of plasma membrane"	GO:0005887;GO:0031226	3	SPU_027867	-0.3004183839631
"intrinsic component of plasma membrane"	GO:0005887;GO:0031226	3	SPU_028801	-13.7437372913194
